Método,Quadro (imagem),min_val,max_val
TM_CCOEFF,im1,-79062640.0,119077232.0
TM_CCOEFF,im2,-81894936.0,118046496.0
TM_CCOEFF,im3,-82806128.0,115494320.0
TM_CCOEFF,im4,-81869008.0,111801568.0
TM_CCOEFF,im5,-87796656.0,106090120.0
TM_CCOEFF,im6,-91248496.0,75308464.0
TM_CCOEFF,im7,-92393064.0,68166688.0
TM_CCOEFF,im8,-92947616.0,68213376.0
TM_CCOEFF,im9,-92111944.0,68258288.0
TM_CCOEFF,im10,-91065824.0,68015288.0
TM_CCOEFF,im11,-91399728.0,69021512.0
TM_CCOEFF,im12,-91807800.0,69501912.0
TM_CCOEFF,im13,-92103720.0,69669840.0
TM_CCOEFF,im14,-92408528.0,70246104.0
TM_CCOEFF,im15,-92575536.0,70738208.0
TM_CCOEFF,im16,-92675672.0,70933888.0
TM_CCOEFF,im17,-92794200.0,71412760.0
TM_CCOEFF,im18,-93159480.0,71612824.0
TM_CCOEFF,im19,-93308752.0,71821560.0
TM_CCOEFF,im20,-92727152.0,71832984.0
TM_CCOEFF,im21,-91635400.0,70912536.0
TM_CCOEFF,im22,-90410280.0,69769160.0
TM_CCOEFF,im23,-90347552.0,69645056.0
TM_CCOEFF,im24,-90363192.0,69554904.0
TM_CCOEFF,im25,-90919568.0,69412896.0
TM_CCOEFF,im26,-91413016.0,69494656.0
TM_CCOEFF,im27,-91865192.0,69371392.0
TM_CCOEFF,im28,-92048672.0,69399064.0
TM_CCOEFF,im29,-92194600.0,69075552.0
TM_CCOEFF,im30,-92113944.0,69079512.0
TM_CCOEFF,im31,-92122400.0,68979464.0
TM_CCOEFF,im32,-91804848.0,69046696.0
TM_CCOEFF,im33,-91492408.0,69059408.0
TM_CCOEFF,im34,-91169112.0,69148136.0
TM_CCOEFF,im35,-90611096.0,69052536.0
TM_CCOEFF,im36,-89969680.0,69088720.0
TM_CCOEFF,im37,-89345776.0,69564104.0
TM_CCOEFF,im38,-89388888.0,70788640.0
TM_CCOEFF,im39,-89696464.0,71791792.0
TM_CCOEFF,im40,-90184144.0,72809128.0
TM_CCOEFF,im41,-90260032.0,73642208.0
TM_CCOEFF,im42,-90265720.0,74075800.0
TM_CCOEFF,im43,-90523560.0,75002944.0
TM_CCOEFF,im44,-90752848.0,75569224.0
TM_CCOEFF,im45,-91419880.0,77608584.0
TM_CCOEFF,im46,-91014864.0,77564288.0
TM_CCOEFF,im47,-91401800.0,78073576.0
TM_CCOEFF,im48,-91117008.0,78184256.0
TM_CCOEFF,im49,-90879184.0,78102320.0
TM_CCOEFF,im50,-90409872.0,78187672.0
TM_CCOEFF,im51,-90025384.0,78221160.0
TM_CCOEFF,im52,-89764232.0,78375832.0
TM_CCOEFF,im53,-92255512.0,78342208.0
TM_CCOEFF,im54,-94549400.0,78255936.0
TM_CCOEFF,im55,-95966512.0,78201072.0
TM_CCOEFF,im56,-97102968.0,78191280.0
TM_CCOEFF,im57,-97850656.0,78284264.0
TM_CCOEFF,im58,-97258440.0,78276952.0
TM_CCOEFF,im59,-96208992.0,78273208.0
TM_CCOEFF,im60,-95129032.0,78317160.0
TM_CCOEFF,im61,-93468872.0,78292720.0
TM_CCOEFF,im62,-91608320.0,78287968.0
TM_CCOEFF,im63,-91909896.0,78317256.0
TM_CCOEFF,im64,-92562568.0,78281152.0
TM_CCOEFF,im65,-94663800.0,78442752.0
TM_CCOEFF,im66,-97424128.0,78448944.0
TM_CCOEFF,im67,-98232352.0,78205264.0
TM_CCOEFF,im68,-94875624.0,78328672.0
TM_CCOEFF,im69,-92507280.0,78362472.0
TM_CCOEFF,im70,-95908928.0,78402952.0
TM_CCOEFF,im71,-98738688.0,78425256.0
TM_CCOEFF,im72,-100144800.0,78488568.0
TM_CCOEFF,im73,-100974040.0,78446352.0
TM_CCOEFF,im74,-101814072.0,78460704.0
TM_CCOEFF,im75,-102124744.0,78238864.0
TM_CCOEFF,im76,-102610688.0,78483392.0
TM_CCOEFF,im77,-102796688.0,78279736.0
TM_CCOEFF,im78,-103106536.0,78322344.0
TM_CCOEFF,im79,-103321312.0,78320888.0
TM_CCOEFF,im80,-103150536.0,78293128.0
TM_CCOEFF,im81,-103151576.0,78423680.0
TM_CCOEFF,im82,-103137096.0,78257352.0
TM_CCOEFF,im83,-103140328.0,78245128.0
TM_CCOEFF,im84,-103152656.0,78068056.0
TM_CCOEFF,im85,-102768024.0,78035184.0
TM_CCOEFF,im86,-100543744.0,77466760.0
TM_CCOEFF,im87,-97592776.0,75311096.0
TM_CCOEFF,im88,-94997728.0,73906200.0
TM_CCOEFF,im89,-93097056.0,72246344.0
TM_CCOEFF,im90,-91131992.0,70726360.0
TM_CCOEFF,im91,-90213872.0,70177480.0
TM_CCOEFF,im92,-88667784.0,69012960.0
TM_CCOEFF,im93,-87093664.0,68429784.0
TM_CCOEFF,im94,-85857768.0,68295296.0
TM_CCOEFF,im95,-84716264.0,67887680.0
TM_CCOEFF,im96,-84336344.0,67409120.0
TM_CCOEFF,im97,-83952120.0,67341072.0
TM_CCOEFF,im98,-82268424.0,67220528.0
TM_CCOEFF,im99,-80200832.0,67192224.0
TM_CCOEFF,im100,-81275760.0,67121912.0
TM_CCOEFF,im101,-85022560.0,67208480.0
TM_CCOEFF,im102,-86521664.0,67252760.0
TM_CCOEFF,im103,-85541592.0,67306824.0
TM_CCOEFF,im104,-83687256.0,67254368.0
TM_CCOEFF,im105,-81555808.0,66922736.0
TM_CCOEFF,im106,-80515840.0,66845540.0
TM_CCOEFF,im107,-81383176.0,66737856.0
TM_CCOEFF,im108,-82320376.0,66660304.0
TM_CCOEFF,im109,-83310776.0,66638688.0
TM_CCOEFF,im110,-84531048.0,66629844.0
TM_CCOEFF,im111,-85005192.0,66810792.0
TM_CCOEFF,im112,-85179496.0,66713072.0
TM_CCOEFF,im113,-85530888.0,66640004.0
TM_CCOEFF,im114,-85780488.0,66480744.0
TM_CCOEFF,im115,-85999384.0,66407784.0
TM_CCOEFF,im116,-86006328.0,66357104.0
TM_CCOEFF,im117,-85856416.0,66289296.0
TM_CCOEFF,im118,-85395920.0,66284376.0
TM_CCOEFF,im119,-85072632.0,66268180.0
TM_CCOEFF,im120,-85070624.0,66300616.0
TM_CCOEFF,im121,-84962472.0,66358732.0
TM_CCOEFF,im122,-84908544.0,66362864.0
TM_CCOEFF,im123,-85018416.0,66255240.0
TM_CCOEFF,im124,-84949176.0,66182792.0
TM_CCOEFF,im125,-85054776.0,66040168.0
TM_CCOEFF,im126,-85097144.0,66020300.0
TM_CCOEFF,im127,-85386528.0,66050524.0
TM_CCOEFF,im128,-85703968.0,65969304.0
TM_CCOEFF,im129,-86025632.0,65862564.0
TM_CCOEFF,im130,-86283592.0,65818712.0
TM_CCOEFF,im131,-86473824.0,65822716.0
TM_CCOEFF,im132,-86772120.0,65837080.0
TM_CCOEFF,im133,-86884888.0,65779592.0
TM_CCOEFF,im134,-87276104.0,65864496.0
TM_CCOEFF,im135,-87335584.0,65934596.0
TM_CCOEFF,im136,-87404928.0,65905088.0
TM_CCOEFF,im137,-87759584.0,65925576.0
TM_CCOEFF,im138,-88246552.0,65962784.0
TM_CCOEFF,im139,-88251336.0,65964680.0
TM_CCOEFF,im140,-88881872.0,65884136.0
TM_CCOEFF,im141,-89521328.0,65800864.0
TM_CCOEFF,im142,-90177016.0,65583708.0
TM_CCOEFF,im143,-92395200.0,65647320.0
TM_CCOEFF,im144,-90189968.0,65500360.0
TM_CCOEFF,im145,-93047264.0,65538056.0
TM_CCOEFF,im146,-95395104.0,65531452.0
TM_CCOEFF,im147,-94953640.0,65406552.0
TM_CCOEFF,im148,-92407576.0,65364488.0
TM_CCOEFF,im149,-89880688.0,65250228.0
TM_CCOEFF,im150,-87886848.0,64978304.0
TM_CCOEFF,im151,-86364792.0,64979732.0
TM_CCOEFF,im152,-86063000.0,64991152.0
TM_CCOEFF,im153,-85862704.0,64968264.0
TM_CCOEFF,im154,-85924656.0,64979032.0
TM_CCOEFF,im155,-86461528.0,65017584.0
TM_CCOEFF,im156,-87121048.0,64864376.0
TM_CCOEFF,im157,-88373296.0,64807804.0
TM_CCOEFF,im158,-89831360.0,64844824.0
TM_CCOEFF,im159,-92360520.0,64763828.0
TM_CCOEFF,im160,-95144128.0,64767836.0
TM_CCOEFF,im161,-94346712.0,64779328.0
TM_CCOEFF,im162,-91336824.0,64821476.0
TM_CCOEFF,im163,-91104848.0,64824572.0
TM_CCOEFF,im164,-90765064.0,64821096.0
TM_CCOEFF,im165,-89603712.0,64797848.0
TM_CCOEFF,im166,-88611448.0,64788444.0
TM_CCOEFF,im167,-87684568.0,64884308.0
TM_CCOEFF,im168,-87068712.0,64867072.0
TM_CCOEFF,im169,-86828784.0,64888136.0
TM_CCOEFF,im170,-86487672.0,64861144.0
TM_CCOEFF,im171,-86176272.0,64872352.0
TM_CCOEFF,im172,-85749008.0,64924732.0
TM_CCOEFF,im173,-85547512.0,64920436.0
TM_CCOEFF,im174,-84844520.0,64959740.0
TM_CCOEFF,im175,-83445480.0,64892424.0
TM_CCOEFF,im176,-80918704.0,64888756.0
TM_CCOEFF,im177,-80639728.0,64766940.0
TM_CCOEFF,im178,-83177520.0,64790144.0
TM_CCOEFF,im179,-85574888.0,65016976.0
TM_CCOEFF,im180,-87589816.0,65049376.0
TM_CCOEFF,im181,-88948528.0,65123524.0
TM_CCOEFF,im182,-89922600.0,65124340.0
TM_CCOEFF,im183,-90619912.0,65184352.0
TM_CCOEFF,im184,-91585080.0,66262344.0
TM_CCOEFF,im185,-91965304.0,66350972.0
TM_CCOEFF,im186,-92037736.0,66315220.0
TM_CCOEFF,im187,-92137024.0,66331600.0
TM_CCOEFF,im188,-92487704.0,66476992.0
TM_CCOEFF,im189,-92716464.0,66518904.0
TM_CCOEFF,im190,-92669680.0,66689272.0
TM_CCOEFF,im191,-92854264.0,66729412.0
TM_CCOEFF,im192,-92888216.0,66733260.0
TM_CCOEFF,im193,-93047072.0,66743944.0
TM_CCOEFF,im194,-93136480.0,66731772.0
TM_CCOEFF,im195,-93125240.0,66792700.0
TM_CCOEFF,im196,-93057368.0,66747848.0
TM_CCOEFF,im197,-92871624.0,66748512.0
TM_CCOEFF,im198,-91827136.0,66738084.0
TM_CCOEFF,im199,-89383720.0,66640212.0
TM_CCOEFF,im200,-86765792.0,66647124.0
TM_CCOEFF,im201,-82944776.0,66465880.0
TM_CCOEFF,im202,-82071456.0,66380560.0
TM_CCOEFF,im203,-82057840.0,66388048.0
TM_CCOEFF,im204,-87643648.0,66274864.0
TM_CCOEFF,im205,-89037544.0,66413308.0
TM_CCOEFF,im206,-88969368.0,66532412.0
TM_CCOEFF,im207,-88310512.0,66556616.0
TM_CCOEFF,im208,-88205080.0,66477452.0
TM_CCOEFF,im209,-88031696.0,66496464.0
TM_CCOEFF,im210,-87994128.0,66537176.0
TM_CCOEFF,im211,-87962656.0,66495736.0
TM_CCOEFF,im212,-87963744.0,66495904.0
TM_CCOEFF,im213,-87968072.0,66303620.0
TM_CCOEFF,im214,-87975472.0,66318108.0
TM_CCOEFF,im215,-87905392.0,66000440.0
TM_CCOEFF,im216,-87860688.0,66016652.0
TM_CCOEFF,im217,-88049688.0,66082420.0
TM_CCOEFF,im218,-88262064.0,66045052.0
TM_CCOEFF,im219,-87993528.0,65912960.0
TM_CCOEFF,im220,-87789456.0,65862112.0
TM_CCOEFF,im221,-88020576.0,68588664.0
TM_CCOEFF,im222,-87925968.0,70777616.0
TM_CCOEFF,im223,-86621056.0,70406712.0
TM_CCOEFF,im224,-89114368.0,70089224.0
TM_CCOEFF,im225,-92421328.0,75593960.0
TM_CCOEFF,im226,-94691240.0,75659656.0
TM_CCOEFF,im227,-92549280.0,72859224.0
TM_CCOEFF,im228,-90016648.0,66758016.0
TM_CCOEFF,im229,-87167064.0,65809688.0
TM_CCOEFF,im230,-83240056.0,65766548.0
TM_CCOEFF,im231,-77043416.0,65861188.0
TM_CCOEFF,im232,-71593952.0,65720528.0
TM_CCOEFF,im233,-71820240.0,65610712.0
TM_CCOEFF,im234,-72247408.0,65536260.0
TM_CCOEFF,im235,-72432432.0,65569344.0
TM_CCOEFF,im236,-72585208.0,65351548.0
TM_CCOEFF,im237,-72980680.0,65350064.0
TM_CCOEFF,im238,-73148232.0,65292932.0
TM_CCOEFF,im239,-73384016.0,65348108.0
TM_CCOEFF,im240,-73440864.0,65320092.0
TM_CCOEFF,im241,-73264000.0,65321952.0
TM_CCOEFF,im242,-72947952.0,65313148.0
TM_CCOEFF,im243,-72626792.0,65265548.0
TM_CCOEFF,im244,-76670912.0,65182564.0
TM_CCOEFF,im245,-81379296.0,64977088.0
TM_CCOEFF,im246,-82592376.0,64944340.0
TM_CCOEFF,im247,-85832880.0,65029900.0
TM_CCOEFF,im248,-86652488.0,64941624.0
TM_CCOEFF,im249,-88293040.0,66053244.0
TM_CCOEFF,im250,-90124224.0,71690152.0
TM_CCOEFF,im251,-92621304.0,73490240.0
TM_CCOEFF,im252,-91137048.0,75403888.0
TM_CCOEFF,im253,-88666144.0,73830568.0
TM_CCOEFF,im254,-86086096.0,70939760.0
TM_CCOEFF,im255,-86742552.0,72831512.0
TM_CCOEFF,im256,-88269104.0,71042832.0
TM_CCOEFF,im257,-88530600.0,68777168.0
TM_CCOEFF,im258,-88662056.0,66744604.0
TM_CCOEFF,im259,-88803480.0,65829496.0
TM_CCOEFF,im260,-88776160.0,65501216.0
TM_CCOEFF,im261,-88804136.0,65697640.0
TM_CCOEFF,im262,-88906144.0,66557616.0
TM_CCOEFF,im263,-88960720.0,67324864.0
TM_CCOEFF,im264,-88989080.0,68287352.0
TM_CCOEFF,im265,-88861472.0,68983256.0
TM_CCOEFF,im266,-88704640.0,70373080.0
TM_CCOEFF,im267,-91509448.0,73071936.0
TM_CCOEFF,im268,-92479024.0,76299744.0
TM_CCOEFF,im269,-94256152.0,79101464.0
TM_CCOEFF,im270,-95213064.0,79187424.0
TM_CCOEFF,im271,-96020352.0,77630072.0
TM_CCOEFF,im272,-97454864.0,74792864.0
TM_CCOEFF,im273,-100454176.0,77382912.0
TM_CCOEFF,im274,-101354688.0,77851760.0
TM_CCOEFF,im275,-102092032.0,78664816.0
TM_CCOEFF,im276,-101333904.0,78984952.0
TM_CCOEFF,im277,-99558288.0,79333784.0
TM_CCOEFF,im278,-97935080.0,79826192.0
TM_CCOEFF,im279,-96314800.0,79960792.0
TM_CCOEFF,im280,-97646808.0,80272232.0
TM_CCOEFF,im281,-101341552.0,80480888.0
TM_CCOEFF,im282,-104067184.0,80496448.0
TM_CCOEFF,im283,-105388696.0,80763160.0
TM_CCOEFF,im284,-105259776.0,80762520.0
TM_CCOEFF,im285,-104550312.0,80751760.0
TM_CCOEFF,im286,-103887728.0,80761872.0
TM_CCOEFF,im287,-103493568.0,80778880.0
TM_CCOEFF,im288,-103245072.0,80817400.0
TM_CCOEFF,im289,-103814776.0,81067656.0
TM_CCOEFF,im290,-104419816.0,80996016.0
TM_CCOEFF,im291,-104937872.0,80809880.0
TM_CCOEFF,im292,-105126720.0,81011880.0
TM_CCOEFF,im293,-104529112.0,81033504.0
TM_CCOEFF,im294,-102261448.0,81294888.0
TM_CCOEFF,im295,-98139352.0,81212744.0
TM_CCOEFF,im296,-98370784.0,81464656.0
TM_CCOEFF,im297,-100961440.0,81464536.0
TM_CCOEFF,im298,-103318744.0,81251160.0
TM_CCOEFF,im299,-104381856.0,81337240.0
TM_CCOEFF,im300,-104835840.0,81485656.0
